dest,final_dir,name,category,category_name,tier,one_liner,confidence,maturity,n_code,n_md,md_chars,frac_executed,n_img_out,has_error,size_kb,fmt,first_commit,last_commit
00_works_in_progress/Really cool nobel prize wining notebooking.ipynb,00_works_in_progress,Really cool nobel prize wining notebooking.ipynb,A,Radar Processing & QC,wip,Exploratory notebook solving equations with basic numpy/matplotlib plots,0.45,2.25,7,4,162,0.5,1,False,22.2,v3,2014-08-31,2014-08-31
00_works_in_progress/HealthKit.ipynb,00_works_in_progress,HealthKit.ipynb,E,"Environmental, Air Quality & Urban",wip,Parse Apple HealthKit export XML for heart rate and blood pressure visualization,0.85,3.0,18,1,0,0.59,6,False,248.1,v4,2020-04-29,2020-04-29
01_radar_processing_qc/Notebook for User XSAPR.ipynb,01_radar_processing_qc,Notebook for User XSAPR.ipynb,A,Radar Processing & QC,solid,XSAPR radar file I/O and reflectivity PPI map visualization,0.92,1.25,7,0,0,0.5,1,False,524.2,v4,2016-01-15,2016-01-15
02_case_studies/Radar and MSLP.ipynb,02_case_studies,Radar and MSLP.ipynb,B,Storm & Campaign Case Studies,solid,Overlay radar reflectivity from multiple sites with sea-level pressure extrema on map,0.85,0.75,7,0,0,0.2,1,False,152.3,v3,2013-05-02,2013-05-02
02_case_studies/Guam.ipynb,02_case_studies,Guam.ipynb,B,Storm & Campaign Case Studies,solid,Radar data processing and visualization for Guam storm event,0.82,2.25,13,0,0,0.55,5,False,1562.7,v4,2015-05-15,2015-05-15
03_retrievals_microphysics/self consistency.ipynb,03_retrievals_microphysics,self consistency.ipynb,C,Retrievals & Microphysics,solid,Self-consistency validation for C-SAPR dual-pol radar using T-Matrix scattering,0.92,4.0,15,1,278,0.43,6,False,832.9,v3,2013-08-15,2013-08-18
05_environmental_airquality_urban/wxt.ipynb,05_environmental_airquality_urban,wxt.ipynb,E,"Environmental, Air Quality & Urban",solid,"Query and visualize WXT weather-station temperature, humidity, pressure time series.",0.92,3.0,16,0,0,0.43,4,False,338.1,v4,2023-04-13,2023-04-13
00_works_in_progress/surface-map.ipynb,00_works_in_progress,surface-map.ipynb,E,"Environmental, Air Quality & Urban",wip,Maps current surface weather from METAR and WXT station data,0.78,1.25,13,1,28,0.27,2,False,1743.6,v4,2025-05-13,2025-05-13
03_retrievals_microphysics/csaprtmat.ipynb,03_retrievals_microphysics,csaprtmat.ipynb,C,Retrievals & Microphysics,solid,Self-consistency scattering calculations for C-SAPR radar using T-matrix and gamma DSD,0.92,4.5,30,4,864,0.57,12,False,1185.7,v3,2013-11-26,2013-11-26
04_models_satellite_gridded/HRRR_CAPE_SREH_Chicagoland.ipynb,04_models_satellite_gridded,HRRR_CAPE_SREH_Chicagoland.ipynb,D,"Models, Satellite & Gridded Data",featured,"HRRR severe-weather analysis: CAPE, SRH, soundings over Chicagoland",0.95,2.75,12,10,1407,0.0,0,False,18.1,v4,2026-07-19,2026-07-19
00_works_in_progress/MayRains.ipynb,00_works_in_progress,MayRains.ipynb,B,Storm & Campaign Case Studies,wip,May rainfall histogram analysis for KLOT radar location,0.72,2.5,21,0,0,0.37,5,False,130.6,v4,2020-05-20,2020-05-20
00_works_in_progress/Can I play with LASSO.ipynb,00_works_in_progress,Can I play with LASSO.ipynb,D,"Models, Satellite & Gridded Data",wip,Exploratory gridded data loading and plotting from ARM archive,0.75,0.5,5,0,0,0.5,1,False,105.5,v4,2018-03-06,2018-03-06
00_works_in_progress/X-SAPR CF test.ipynb,00_works_in_progress,X-SAPR CF test.ipynb,A,Radar Processing & QC,wip,X-SAPR radar data loading and reflectivity PPI visualization test,0.92,2.5,7,0,0,0.67,2,False,307.3,v3,2013-04-03,2013-04-04
00_works_in_progress/BAMS mc3e plots.ipynb,00_works_in_progress,BAMS mc3e plots.ipynb,B,Storm & Campaign Case Studies,wip,MC3E case-study surface analysis maps from NARR reanalysis for BAMS paper.,0.92,3.75,10,2,1239,0.43,3,False,999.6,v4,2015-09-23,2015-09-24
00_works_in_progress/CSAPR investigating.ipynb,00_works_in_progress,CSAPR investigating.ipynb,A,Radar Processing & QC,wip,CSAPR dual-pol radar processing and clutter filtering animation,0.85,3.25,18,1,96,0.67,9,False,9120.0,v4,2015-07-28,2015-07-28
00_works_in_progress/LP processing of X-SAPR.ipynb,00_works_in_progress,LP processing of X-SAPR.ipynb,A,Radar Processing & QC,wip,Linear programming phase unfolding for X-SAPR radar data,0.92,3.75,13,9,2384,0.5,1,False,47.4,v3,2013-06-27,2013-06-27
03_retrievals_microphysics/C-SAPR Self Consistency test plus T-Matrix.ipynb,03_retrievals_microphysics,C-SAPR Self Consistency test plus T-Matrix.ipynb,C,Retrievals & Microphysics,solid,T-Matrix scattering calculations and self-consistency checks for C-SAPR radar,0.92,4.5,27,4,864,0.59,12,False,1228.7,v3,2013-08-18,2013-11-26
00_works_in_progress/DL-VPT.ipynb,00_works_in_progress,DL-VPT.ipynb,A,Radar Processing & QC,wip,"Imports StreamLine lidar .hpl files, converts to netCDF, plots intensity and radial velocity.",0.82,1.25,6,0,0,0.4,2,False,2096.2,v4,2023-06-22,2023-06-22
01_radar_processing_qc/NBpresent.ipynb,01_radar_processing_qc,NBpresent.ipynb,A,Radar Processing & QC,solid,Py-ART RadarDisplay tutorial plotting reflectivity from MDV file,0.92,2.25,5,3,305,0.67,2,False,335.5,v4,2016-02-20,2016-02-20
04_models_satellite_gridded/Herbie_Chicago_precip.ipynb,04_models_satellite_gridded,Herbie_Chicago_precip.ipynb,D,"Models, Satellite & Gridded Data",solid,HRRR precipitation forecast extraction and animation for Chicago region,0.92,3.25,19,0,0,0.71,3,False,517.6,v4,2023-01-15,2023-01-15
04_models_satellite_gridded/Herbie_Chicago_Locs.ipynb,04_models_satellite_gridded,Herbie_Chicago_Locs.ipynb,D,"Models, Satellite & Gridded Data",solid,HRRR forecast retrieval and visualization for Chicago region with animation,0.92,3.25,18,0,0,0.65,3,False,693.2,v4,2023-01-14,2023-01-15
00_works_in_progress/NU-BGU collab.ipynb,00_works_in_progress,NU-BGU collab.ipynb,B,Storm & Campaign Case Studies,wip,"Fetches NEXRAD Level 2 data from AWS, applies rainfall retrieval, maps over Israel region.",0.72,1.25,12,0,0,0.5,2,False,682.2,v4,2018-12-11,2018-12-11
01_radar_processing_qc/LP processing of PHIDP.ipynb,01_radar_processing_qc,LP processing of PHIDP.ipynb,A,Radar Processing & QC,featured,Linear programming phase unwrapping for differential phase PHIDP,0.95,5.25,29,9,2384,0.71,5,False,755.2,v3,2013-02-18,2013-02-18
00_works_in_progress/PPI Animation.ipynb,00_works_in_progress,PPI Animation.ipynb,A,Radar Processing & QC,wip,Prototype PPI animation framework using Py-ART RadarDisplay and Matplotlib,0.82,1.75,9,1,54,0.5,3,False,10341.8,v3,2013-12-04,2013-12-04
04_models_satellite_gridded/Herbie_Clouds_Example.ipynb,04_models_satellite_gridded,Herbie_Clouds_Example.ipynb,D,"Models, Satellite & Gridded Data",featured,"Downloads HRRR cloud/meteorology forecasts via Herbie, extracts Chicago column profiles",0.92,6.25,15,14,3567,0.64,4,False,3241.4,v4,2023-01-20,2023-01-20
00_works_in_progress/wxt_read_ingest.ipynb,00_works_in_progress,wxt_read_ingest.ipynb,E,"Environmental, Air Quality & Urban",wip,WXT weather station data ingest and visualization with air quality,0.82,2.5,17,0,0,0.56,6,False,3491.0,v4,2023-06-02,2023-06-15
01_radar_processing_qc/BAMS RHI Dualpol.ipynb,01_radar_processing_qc,BAMS RHI Dualpol.ipynb,A,Radar Processing & QC,solid,"RHI dual-pol processing: phase correction, KDP retrieval, attenuation correction",0.92,3.75,37,0,0,0.63,17,False,2825.3,v4,2019-11-20,2019-11-20
00_works_in_progress/Greek Radar.ipynb,00_works_in_progress,Greek Radar.ipynb,B,Storm & Campaign Case Studies,wip,Greek radar file I/O and velocity field mapping exploration,0.85,2.5,11,0,0,0.7,4,False,841.9,v4,2016-02-01,2016-02-01
00_works_in_progress/Ambient.ipynb,00_works_in_progress,Ambient.ipynb,E,"Environmental, Air Quality & Urban",wip,Ambient weather API data retrieval and time-series exploration,0.92,3.25,27,0,0,0.65,3,False,1737.4,v4,2023-02-28,2023-02-28
00_works_in_progress/Rotate the radar.ipynb,00_works_in_progress,Rotate the radar.ipynb,A,Radar Processing & QC,wip,Explores radar coordinate rotation and gridding transformations.,0.72,3.25,12,0,0,1.0,4,False,191.2,v4,2018-02-02,2018-02-02
01_radar_processing_qc/KTLX_qvp.ipynb,01_radar_processing_qc,KTLX_qvp.ipynb,A,Radar Processing & QC,solid,Extract QVP retrievals from radar files using Py-ART and distributed computing,0.92,5.0,24,8,1787,0.52,8,False,944.8,v3,2015-04-02,2015-04-02
00_works_in_progress/Lightning_anal.ipynb,00_works_in_progress,Lightning_anal.ipynb,A,Radar Processing & QC,wip,Lightning detection and noise-floor analysis from radar data,0.72,2.5,22,0,0,0.58,6,False,274.9,v4,2020-08-03,2020-08-03
05_environmental_airquality_urban/wxt-NEIU-ingest.ipynb,05_environmental_airquality_urban,wxt-NEIU-ingest.ipynb,E,"Environmental, Air Quality & Urban",solid,Ingest WXT weather-station data from SAGE into CF-compliant netCDF,0.92,0.25,9,0,0,0.12,0,False,61.9,v4,2023-06-02,2023-06-15
01_radar_processing_qc/tweet_my_radar.ipynb,01_radar_processing_qc,tweet_my_radar.ipynb,A,Radar Processing & QC,solid,"Fetch NEXRAD radar from AWS S3, process with Py-ART, tweet radar imagery",0.92,2.25,11,6,912,0.1,0,False,12.4,v4,2016-10-19,2016-10-19
00_works_in_progress/filtering.ipynb,00_works_in_progress,filtering.ipynb,A,Radar Processing & QC,wip,Gate filtering and reflectivity masking on radar data,0.92,1.25,6,0,0,0.33,2,False,166.8,v4,2018-08-22,2018-08-22
00_works_in_progress/Hector.ipynb,00_works_in_progress,Hector.ipynb,B,Storm & Campaign Case Studies,wip,CPOL radar PPI animation and visualization for Hector storm case,0.78,1.25,8,0,0,0.43,2,False,39371.5,v4,2015-07-21,2015-07-21
00_works_in_progress/Gates to grid testing.ipynb,00_works_in_progress,Gates to grid testing.ipynb,A,Radar Processing & QC,wip,Development notebook testing radar-to-grid conversion with Py-ART,0.85,0.75,11,0,0,0.4,0,False,49.7,v4,2015-05-14,2016-04-27
00_works_in_progress/split_rapic.ipynb,00_works_in_progress,split_rapic.ipynb,A,Radar Processing & QC,wip,"Split RAPIC radar file into IMAGE segments, inspect headers",0.92,1.5,3,0,0,1.0,0,False,565.2,v4,2016-01-25,2016-01-25
00_works_in_progress/XSAPR_2015_testing.ipynb,00_works_in_progress,XSAPR_2015_testing.ipynb,A,Radar Processing & QC,wip,XSAPR radar data I/O and dual-pol field visualization testing,0.92,1.75,8,0,0,0.5,3,False,194.2,v3,2015-04-17,2015-04-17
04_models_satellite_gridded/totallynormal.ipynb,04_models_satellite_gridded,totallynormal.ipynb,D,"Models, Satellite & Gridded Data",featured,Compares climate normals between Bend and Mt Bachelor using NOAA gridded data,0.92,5.0,14,3,1234,0.64,6,False,1051.0,v4,2024-01-07,2024-01-10
00_works_in_progress/GOES testing.ipynb,00_works_in_progress,GOES testing.ipynb,D,"Models, Satellite & Gridded Data",wip,GOES-16 satellite imagery retrieval and visualization with cartopy mapping.,0.92,1.75,30,0,0,0.7,11,True,4364.7,v4,2022-05-29,2022-05-29
01_radar_processing_qc/Barrow X-SAPR Investigation.ipynb,01_radar_processing_qc,Barrow X-SAPR Investigation.ipynb,A,Radar Processing & QC,solid,"X-SAPR dual-polarization radar visualization at Barrow, Alaska site",0.92,2.5,15,0,0,0.57,5,False,1454.8,v4,2015-07-27,2015-07-27
01_radar_processing_qc/region block.ipynb,01_radar_processing_qc,region block.ipynb,A,Radar Processing & QC,solid,"Py-ART radar I/O, geolocation correction, and Cartopy map display",0.92,3.25,19,0,0,0.61,4,False,842.6,v4,2019-06-25,2019-06-25
01_radar_processing_qc/X-SAPR Co-Pol.ipynb,01_radar_processing_qc,X-SAPR Co-Pol.ipynb,A,Radar Processing & QC,solid,Loads and visualizes SGP X-SAPR co-pol radar data with rayplots and PPIs,0.92,2.0,6,0,0,0.6,2,False,458.3,v3,2013-02-22,2013-02-22
05_environmental_airquality_urban/Historic_Smoke_AirNow.ipynb,05_environmental_airquality_urban,Historic_Smoke_AirNow.ipynb,E,"Environmental, Air Quality & Urban",featured,Ranks July 2026 Chicago wildfire smoke against 16 years of AirNow PM2.5 observations,0.95,4.25,5,6,3293,0.8,2,False,242.5,v4,2026-07-17,2026-07-17
02_case_studies/sgp_goes_nexrad.ipynb,02_case_studies,sgp_goes_nexrad.ipynb,B,Storm & Campaign Case Studies,featured,"Fetch NEXRAD from AWS, grid with ISCCP satellite data over SGP site",0.92,4.75,12,9,725,1.0,1,False,221.4,v4,2017-08-11,2017-08-11
02_case_studies/KAMX roost rings.ipynb,02_case_studies,KAMX roost rings.ipynb,B,Storm & Campaign Case Studies,solid,KAMX radar roost-ring case study with reflectivity and velocity visualization,0.92,2.5,9,0,0,0.75,4,False,929.1,v3,2014-04-17,2014-04-17
00_works_in_progress/abmient api testing .ipynb,00_works_in_progress,abmient api testing .ipynb,E,"Environmental, Air Quality & Urban",wip,Tests Ambient API weather-station data retrieval and xarray/ACT visualization.,0.92,3.0,19,0,0,0.5,3,False,572.0,v4,2020-06-09,2020-06-09
00_works_in_progress/T-Matrix.ipynb,00_works_in_progress,T-Matrix.ipynb,C,Retrievals & Microphysics,wip,PyTMatrix scattering calculations and DSD integration examples,0.92,5.25,15,9,757,0.71,3,False,96.8,v3,2013-05-12,2013-08-19
02_case_studies/Tracking for ERAD.ipynb,02_case_studies,Tracking for ERAD.ipynb,B,Storm & Campaign Case Studies,featured,Image segmentation and object tracking on C-SAPR radar rain rates from MC3E campaign,0.82,5.25,34,9,1877,0.71,10,False,563.6,v3,2014-08-25,2014-08-26
00_works_in_progress/cool bool .ipynb,00_works_in_progress,cool bool .ipynb,A,Radar Processing & QC,wip,Py-ART radar reflectivity visualization with range rings and cross-hair,0.92,0.5,4,0,0,0.33,1,False,51.6,v3,2014-07-22,2014-07-22
00_works_in_progress/IO_testing.ipynb,00_works_in_progress,IO_testing.ipynb,A,Radar Processing & QC,wip,Parallel I/O testing: reading radar file timestamps across cluster nodes,0.82,2.25,9,3,275,0.56,1,False,32.7,v3,2014-09-19,2014-09-19
00_works_in_progress/SPC_ice.ipynb,00_works_in_progress,SPC_ice.ipynb,B,Storm & Campaign Case Studies,wip,"Fetches SPC severe-weather reports for specific date, parses freezing rain section.",0.72,0.75,5,0,0,0.75,0,False,54.7,v4,2026-01-21,2026-01-21
00_works_in_progress/test mdv nc.ipynb,00_works_in_progress,test mdv nc.ipynb,A,Radar Processing & QC,wip,Py-ART netCDF radar file I/O exploration and debugging,0.78,-0.75,8,0,0,0.57,0,True,65.3,v4,2016-10-05,2016-10-05
02_case_studies/Kurnell.ipynb,02_case_studies,Kurnell.ipynb,B,Storm & Campaign Case Studies,solid,ODIM radar data ingest and PPI mapping for Kurnell tornado case,0.88,2.0,11,0,0,0.67,2,False,750.9,v4,2015-12-15,2015-12-16
05_environmental_airquality_urban/AQT-ingest.ipynb,05_environmental_airquality_urban,AQT-ingest.ipynb,E,"Environmental, Air Quality & Urban",solid,Ingest and process ARM AQT air-quality sensor data with MetPy corrections,0.92,3.25,13,1,600,0.54,1,False,114.0,v4,2023-06-15,2023-06-15
00_works_in_progress/json_map.ipynb,00_works_in_progress,json_map.ipynb,A,Radar Processing & QC,wip,Radar I/O and JSON map plotting with Py-ART,0.72,-0.25,9,0,0,0.38,2,True,1303.3,v3,2014-09-10,2014-09-10
01_radar_processing_qc/xarray pyart integration.ipynb,01_radar_processing_qc,xarray pyart integration.ipynb,A,Radar Processing & QC,featured,"Fetch NEXRAD from AWS, grid with Py-ART, visualize with xarray and MetPy",0.92,4.0,15,0,0,1.0,5,False,1254.4,v4,2017-11-24,2017-11-24
05_environmental_airquality_urban/Wildfire_Smoke_AirNow.ipynb,05_environmental_airquality_urban,Wildfire_Smoke_AirNow.ipynb,E,"Environmental, Air Quality & Urban",featured,Maps wildfire smoke PM2.5 across US/Canada using AirNow API and ACT visualization,0.95,3.75,5,6,3537,0.8,1,False,302.3,v4,2026-07-15,2026-07-15
00_works_in_progress/xsapr issue investigation.ipynb,00_works_in_progress,xsapr issue investigation.ipynb,A,Radar Processing & QC,wip,XSAPR phase processing and dealiasing troubleshooting investigation,0.85,1.75,25,0,0,0.7,7,True,261.6,v3,2013-06-21,2013-06-21
00_works_in_progress/Demo of Dask using Aussie data.ipynb,00_works_in_progress,Demo of Dask using Aussie data.ipynb,D,"Models, Satellite & Gridded Data",wip,Dask-parallelized processing of Australian radar data with gridding and visualization.,0.72,3.0,34,0,0,0.5,9,False,430.7,v4,2018-11-20,2018-11-20
00_works_in_progress/DYNAMO_SBand.ipynb,00_works_in_progress,DYNAMO_SBand.ipynb,B,Storm & Campaign Case Studies,wip,DYNAMO S-band radar data loading and PHIDP visualization with incomplete processing,0.82,1.0,34,0,0,0.35,6,True,834.3,v3,2014-12-12,2014-12-12
01_radar_processing_qc/KLOT_qvp.ipynb,01_radar_processing_qc,KLOT_qvp.ipynb,A,Radar Processing & QC,solid,Extract QVPs from radar files using Py-ART with distributed computing,0.85,5.0,24,8,1787,0.55,9,False,800.2,v3,2015-04-02,2015-04-02
03_retrievals_microphysics/2DVD exploration.ipynb,03_retrievals_microphysics,2DVD exploration.ipynb,C,Retrievals & Microphysics,solid,T-matrix scattering computations and drop-size distributions from 2DVD disdrometer,0.92,3.25,23,2,79,0.65,8,False,235.4,v3,2013-08-19,2013-08-19
02_case_studies/Radar demo IL Torn.ipynb,02_case_studies,Radar demo IL Torn.ipynb,B,Storm & Campaign Case Studies,solid,"IL tornado radar case study: reflectivity, velocity, dealiasing demonstration",0.92,1.75,14,3,91,0.38,4,False,1015.9,v3,2015-04-14,2015-04-14
02_case_studies/KDVN_meshgrid.ipynb,02_case_studies,KDVN_meshgrid.ipynb,B,Storm & Campaign Case Studies,solid,NEXRAD reflectivity case study for KDVN radar with map projections,0.75,2.5,11,0,0,0.8,6,False,1780.9,v4,2025-05-29,2025-05-29
00_works_in_progress/NSA dealias-Copy1.ipynb,00_works_in_progress,NSA dealias-Copy1.ipynb,A,Radar Processing & QC,wip,Dealiasing velocity data from NSA SAPR radar using Py-ART,0.82,2.5,11,0,0,0.62,3,False,929.9,v4,2015-06-05,2015-06-05
02_case_studies/TWP-ICE Rainfall.ipynb,02_case_studies,TWP-ICE Rainfall.ipynb,B,Storm & Campaign Case Studies,solid,TWP-ICE campaign rainfall retrieval using dual-pol radar processing,0.92,2.5,24,1,52,0.52,9,False,2062.0,v3,2013-10-16,2013-10-17
00_works_in_progress/DL.ipynb,00_works_in_progress,DL.ipynb,A,Radar Processing & QC,wip,"ACT cloud radar data loading, QC cleanup, time-series plotting",0.78,2.5,13,0,0,0.83,6,False,1886.2,v4,2022-12-09,2025-02-06
00_works_in_progress/U-Bonn.ipynb,00_works_in_progress,U-Bonn.ipynb,A,Radar Processing & QC,wip,Testing LP phase processing on University of Bonn X-band radar data,0.92,3.25,14,5,143,0.58,5,False,778.4,v3,2013-12-18,2013-12-18
04_models_satellite_gridded/Herbie_Chicago_clouds.ipynb,04_models_satellite_gridded,Herbie_Chicago_clouds.ipynb,D,"Models, Satellite & Gridded Data",solid,Herbie NWP cloud-liquid-water retrieval and visualization for Chicago region,0.92,1.75,14,0,0,0.58,3,False,1100.3,v4,2023-01-16,2023-01-16
03_retrievals_microphysics/parsivel explore.ipynb,03_retrievals_microphysics,parsivel explore.ipynb,C,Retrievals & Microphysics,solid,Parsivel disdrometer ingestion and drop-size distribution T-matrix scattering analysis,0.92,2.5,9,0,0,0.62,3,False,70.2,v3,2013-08-20,2013-08-20
05_environmental_airquality_urban/wxt-NEIU.ipynb,05_environmental_airquality_urban,wxt-NEIU.ipynb,E,"Environmental, Air Quality & Urban",solid,Retrieves and visualizes WXT536 weather-station data from CROCUS urban network,0.92,3.0,21,0,0,0.53,7,False,1652.3,v4,2023-05-09,2023-06-02
00_works_in_progress/NSA xsapr.ipynb,00_works_in_progress,NSA xsapr.ipynb,A,Radar Processing & QC,wip,RHI radar data I/O and reflectivity visualization,0.85,2.0,7,0,0,0.6,2,False,1813.7,v3,2013-10-22,2013-10-22
01_radar_processing_qc/Radar demo.ipynb,01_radar_processing_qc,Radar demo.ipynb,A,Radar Processing & QC,solid,Loads and visualizes radar reflectivity and velocity PPI scans,0.95,2.0,6,0,0,0.6,1,False,299.6,v3,2015-04-13,2015-04-13
02_case_studies/Radar and MSLP map-mdv.ipynb,02_case_studies,Radar and MSLP map-mdv.ipynb,B,Storm & Campaign Case Studies,solid,Overlay radar reflectivity with MSLP/RH from NARR reanalysis on map,0.92,1.75,11,0,0,0.57,2,False,237.1,v3,2014-01-08,2014-01-08
00_works_in_progress/load_and_analyze_thermal.ipynb,00_works_in_progress,load_and_analyze_thermal.ipynb,E,"Environmental, Air Quality & Urban",wip,Thermal camera data loading and gradient analysis experiment,0.72,2.5,16,0,0,0.43,2,False,52.3,v4,2021-02-22,2021-02-22
00_works_in_progress/Laura demo.ipynb,00_works_in_progress,Laura demo.ipynb,D,"Models, Satellite & Gridded Data",wip,"Fetches GFS model data, explores MSLP variable structure",0.88,2.5,7,0,0,0.67,2,False,101.3,v4,2016-02-02,2016-02-02
00_works_in_progress/KIWA_ARM_Nov2025_analysis.ipynb,00_works_in_progress,KIWA_ARM_Nov2025_analysis.ipynb,B,Storm & Campaign Case Studies,wip,NEXRAD KIWA analysis of November 2025 Arizona hail event with rain-rate animation,0.92,2.75,11,9,4562,0.0,0,False,27.2,v4,2026-07-06,2026-07-06
02_case_studies/Aussie Hailstorm.ipynb,02_case_studies,Aussie Hailstorm.ipynb,B,Storm & Campaign Case Studies,solid,Australian hailstorm case study using Py-ART radar and CMAC gridding.,0.92,2.75,12,0,0,1.1,2,False,606.5,v4,2017-11-27,2017-11-27
01_radar_processing_qc/AGU_analysis.ipynb,01_radar_processing_qc,AGU_analysis.ipynb,A,Radar Processing & QC,featured,Phase processing and attenuation correction using linear programming for ARM X-band radars,0.92,4.25,44,2,464,0.82,25,False,5210.9,v3,2012-11-13,2012-11-15
02_case_studies/KaSACR_long_range.ipynb,02_case_studies,KaSACR_long_range.ipynb,B,Storm & Campaign Case Studies,solid,Long-range radar reflectivity analysis from KaSACR campaign data,0.88,3.25,9,0,0,1.0,5,False,511.3,v4,2017-05-18,2017-05-18
03_retrievals_microphysics/TWP-ICE notebook 2.ipynb,03_retrievals_microphysics,TWP-ICE notebook 2.ipynb,C,Retrievals & Microphysics,solid,Steiner convective-stratiform classification and rainfall statistics on TWP-ICE gridded radar data,0.92,2.75,9,5,1345,0.25,1,False,117.4,v3,2013-10-28,2013-10-28
00_works_in_progress/xarray inherit demo.ipynb,00_works_in_progress,xarray inherit demo.ipynb,A,Radar Processing & QC,wip,Demonstration of xarray Dataset inheritance and custom method extension,0.62,2.5,19,0,0,0.56,3,False,76.2,v4,2019-03-19,2019-03-21
04_models_satellite_gridded/HRRR-Cartopy.ipynb,04_models_satellite_gridded,HRRR-Cartopy.ipynb,D,"Models, Satellite & Gridded Data",solid,Animate HRRR gridded weather data with Cartopy maps using xmovie and Dask.,0.92,4.5,20,4,223,0.56,3,False,888.9,v4,2022-07-14,2022-07-14
00_works_in_progress/DMeet.ipynb,00_works_in_progress,DMeet.ipynb,A,Radar Processing & QC,wip,Py-ART radar toolkit presentation slides with history and data demo,0.78,4.25,11,24,2546,0.55,4,False,1566.2,v4,2015-07-15,2015-07-15
00_works_in_progress/map_for_scott.ipynb,00_works_in_progress,map_for_scott.ipynb,B,Storm & Campaign Case Studies,wip,Basemap visualization of airport runways in northwestern Australia region,0.78,0.5,3,0,0,0.5,1,False,63.3,v3,2013-07-02,2013-07-02
00_works_in_progress/DL2.ipynb,00_works_in_progress,DL2.ipynb,A,Radar Processing & QC,wip,ARM metadata retrieval and time-series plotting of radar intensity/velocity,0.72,2.5,9,0,0,0.75,4,False,830.8,v4,2023-06-22,2025-02-06
05_environmental_airquality_urban/soil moisture.ipynb,05_environmental_airquality_urban,soil moisture.ipynb,E,"Environmental, Air Quality & Urban",solid,Loads and plots soil moisture time series from SWATS netCDF files at multiple depths.,0.92,3.25,19,1,48,0.68,4,False,510.6,v3,2014-08-26,2014-08-27
00_works_in_progress/read AMDAR.ipynb,00_works_in_progress,read AMDAR.ipynb,E,"Environmental, Air Quality & Urban",wip,AMDAR aircraft data retrieval and skew-T plotting exploration,0.78,3.25,13,0,0,0.92,4,False,616.7,v4,2022-05-03,2026-04-23
00_works_in_progress/advection-FFT.ipynb,00_works_in_progress,advection-FFT.ipynb,A,Radar Processing & QC,wip,Advection field estimation from radar grids via phase correlation FFT,0.82,4.25,26,2,209,0.64,10,False,1629.0,v3,2014-11-11,2014-11-15
00_works_in_progress/11 micron.ipynb,00_works_in_progress,11 micron.ipynb,D,"Models, Satellite & Gridded Data",wip,"Fetches GOES 11 µm IR satellite data, applies calibration, reprojects to lat/lon.",0.85,1.25,6,0,0,0.4,1,False,224.5,v3,2013-11-15,2013-11-26
01_radar_processing_qc/DLCombo.ipynb,01_radar_processing_qc,DLCombo.ipynb,A,Radar Processing & QC,solid,Converts StreamLine Doppler lidar .hpl files to Py-ART radar objects and visualizes RHI plots,0.92,1.75,11,0,0,0.56,3,False,954.9,v4,2022-12-17,2022-12-17
00_works_in_progress/nexrad cmac.ipynb,00_works_in_progress,nexrad cmac.ipynb,A,Radar Processing & QC,wip,NEXRAD CMAC processing: phase unfolding and KDP calculation from dual-pol archive data,0.92,1.75,11,0,0,0.5,3,False,1412.4,v3,2013-09-20,2013-09-20
02_case_studies/Tracking-Manus.ipynb,02_case_studies,Tracking-Manus.ipynb,B,Storm & Campaign Case Studies,featured,Image segmentation and rainfall object tracking on ARM C-SAPR radar data using watershed algorithm,0.92,5.0,9,8,1758,0.75,4,False,278.7,v3,2013-03-05,2013-03-05
02_case_studies/DYNAMO AIME workshop workbook.ipynb,02_case_studies,DYNAMO AIME workshop workbook.ipynb,B,Storm & Campaign Case Studies,featured,DYNAMO field campaign radar processing and VAD wind retrieval workbook,0.92,5.25,26,11,2753,0.76,14,False,1262.7,v3,2013-02-27,2013-03-04
01_radar_processing_qc/nexrad_echo_area_timeseries.ipynb,01_radar_processing_qc,nexrad_echo_area_timeseries.ipynb,A,Radar Processing & QC,featured,Compute 24-hour NEXRAD echo-area timeseries above reflectivity threshold,0.95,2.75,7,9,2484,0.0,0,False,11.3,v4,2026-07-05,2026-07-05
00_works_in_progress/seeeeice.ipynb,00_works_in_progress,seeeeice.ipynb,B,Storm & Campaign Case Studies,wip,"Barrow, Alaska sea-ice radar case study with Py-ART processing",0.82,2.0,13,0,0,0.64,2,False,748.4,v4,2020-10-13,2020-10-13
01_radar_processing_qc/elegant QVP.ipynb,01_radar_processing_qc,elegant QVP.ipynb,A,Radar Processing & QC,solid,Retrieves radar data from AWS S3 and computes quasi-vertical profiles,0.92,2.5,15,0,0,0.36,4,False,117.6,v4,2018-04-03,2018-04-03
00_works_in_progress/livegrab-map.ipynb,00_works_in_progress,livegrab-map.ipynb,D,"Models, Satellite & Gridded Data",wip,Live radar map overlay with MSLP and model data plotting,0.72,1.25,7,0,0,0.5,1,False,151.0,v3,2013-05-13,2013-05-13
01_radar_processing_qc/quick x-array ingest from PyART.ipynb,01_radar_processing_qc,quick x-array ingest from PyART.ipynb,A,Radar Processing & QC,solid,Ingest PyART radar objects into xarray Datasets from AWS S3,0.92,1.75,10,0,0,0.56,1,False,158.8,v4,2018-08-10,2018-08-10
00_works_in_progress/Irma.ipynb,00_works_in_progress,Irma.ipynb,B,Storm & Campaign Case Studies,wip,Hurricane Irma radar time-series retrieval and processing workflow,0.82,1.0,17,0,0,0.56,33,True,11862.5,v4,2017-10-07,2017-10-07
00_works_in_progress/Melbourne Tornado.ipynb,00_works_in_progress,Melbourne Tornado.ipynb,B,Storm & Campaign Case Studies,wip,Melbourne tornado radar data visualization with ODIM-HDF5 file processing,0.92,1.25,6,0,0,0.4,1,False,512.7,v4,2015-11-09,2015-11-09
01_radar_processing_qc/COD_demo.ipynb,01_radar_processing_qc,COD_demo.ipynb,A,Radar Processing & QC,solid,Radar data I/O and dual-pol PPI mapping for COD case study,0.85,2.5,14,0,0,0.77,12,False,3138.4,v3,2015-03-03,2015-03-03
00_works_in_progress/Developers meeting LES Slides.ipynb,00_works_in_progress,Developers meeting LES Slides.ipynb,D,"Models, Satellite & Gridded Data",wip,ARM LES modeling meeting agenda and discussion framework slides,0.72,0.5,1,4,1268,0.0,0,False,2.7,v4,2015-07-15,2015-07-15
01_radar_processing_qc/demo for lrose.ipynb,01_radar_processing_qc,demo for lrose.ipynb,A,Radar Processing & QC,solid,"LROSE kick-off demo: read IRIS radar file, map PPI display, vertical profiles",0.92,4.5,19,2,63,1.0,8,False,1966.3,v4,2017-04-11,2017-04-11
01_radar_processing_qc/Fetch And Grid Multiple Radars.ipynb,01_radar_processing_qc,Fetch And Grid Multiple Radars.ipynb,A,Radar Processing & QC,solid,"Fetches multiple NEXRAD radars from AWS, grids them, and plots rainfall fields.",0.92,3.0,15,0,0,0.5,3,False,645.2,v4,2022-02-04,2022-02-04
02_case_studies/KLOT_area_threshold_workflow.ipynb,02_case_studies,KLOT_area_threshold_workflow.ipynb,B,Storm & Campaign Case Studies,solid,"Chicago KLOT radar area-over-threshold rainfall time series, July 2026 convective event",0.92,2.75,10,12,5622,0.0,0,False,31.1,v4,2026-07-07,2026-07-07
00_works_in_progress/radar status chart.ipynb,00_works_in_progress,radar status chart.ipynb,A,Radar Processing & QC,wip,Visualizes radar data availability across cluster storage via timeline chart,0.78,2.75,8,3,275,0.57,1,False,15.6,v3,2014-09-18,2014-09-18
02_case_studies/NIU demo.ipynb,02_case_studies,NIU demo.ipynb,B,Storm & Campaign Case Studies,solid,Fetch and visualize Hurricane Maria radar data from AWS S3,0.92,0.25,11,0,0,0.0,0,False,7.5,v4,2018-10-17,2018-10-17
04_models_satellite_gridded/NWSAPI.ipynb,04_models_satellite_gridded,NWSAPI.ipynb,D,"Models, Satellite & Gridded Data",featured,"Query NWS API, fetch alert zones, visualize warnings on Cartopy map",0.92,5.0,13,9,882,0.75,4,False,603.4,v4,2025-07-29,2025-07-29
01_radar_processing_qc/Thai mdv.ipynb,01_radar_processing_qc,Thai mdv.ipynb,A,Radar Processing & QC,solid,"Reads MDV radar file, displays PPI reflectivity map with geographic overlay",0.92,2.0,8,0,0,0.86,1,False,146.4,v3,2014-06-17,2014-06-18
00_works_in_progress/Sage Dual TR.ipynb,00_works_in_progress,Sage Dual TR.ipynb,E,"Environmental, Air Quality & Urban",wip,SAGE node thermal and visible imagery retrieval and plotting,0.75,1.25,4,0,0,0.67,1,False,922.3,v4,2023-03-08,2023-03-31
01_radar_processing_qc/DVN.ipynb,01_radar_processing_qc,DVN.ipynb,A,Radar Processing & QC,solid,NEXRAD Level-2 retrieval and PPI/RHI visualization for KDVN radar,0.92,-0.25,10,0,0,0.57,2,True,915.0,v4,2025-05-28,2025-05-29
01_radar_processing_qc/Hail.ipynb,01_radar_processing_qc,Hail.ipynb,A,Radar Processing & QC,solid,"Hail event radar processing: SNR filtering, velocity dealiasing, PPI visualization",0.92,2.5,14,0,0,0.67,7,False,2277.0,v3,2015-05-04,2015-05-04
00_works_in_progress/ffmpeg_movie.ipynb,00_works_in_progress,ffmpeg_movie.ipynb,B,Storm & Campaign Case Studies,wip,Batch converts PNG images to video for storm case analysis,0.72,0.75,4,0,0,0.67,0,False,40.5,v3,2014-04-30,2014-04-30
01_radar_processing_qc/XSAPR2-2018.ipynb,01_radar_processing_qc,XSAPR2-2018.ipynb,A,Radar Processing & QC,solid,"XSAPR2 radar data ingest, quality correction, and quicklook plotting",0.92,0.75,14,0,0,0.33,0,False,22.5,v4,2018-02-14,2018-02-14
02_case_studies/Chicago.ipynb,02_case_studies,Chicago.ipynb,B,Storm & Campaign Case Studies,solid,Chicago flood event rainfall retrieval from KLOT radar reflectivity data,0.92,2.5,11,0,0,0.67,5,False,2088.1,v3,2014-11-08,2014-11-08
00_works_in_progress/radar_dealias.ipynb,00_works_in_progress,radar_dealias.ipynb,A,Radar Processing & QC,wip,Dealiasing velocity data with phase processing and interpolation,0.92,0.5,11,0,0,0.8,1,True,379.6,v3,2012-11-13,2012-11-13
01_radar_processing_qc/concatinate_file (2).ipynb,01_radar_processing_qc,concatinate_file (2).ipynb,A,Radar Processing & QC,solid,Concatenates radar sweeps across files using Py-ART and Dask parallelization,0.85,2.5,29,0,0,0.54,2,False,991.7,v4,2022-04-01,2022-04-01
00_works_in_progress/HRRR Grib.ipynb,00_works_in_progress,HRRR Grib.ipynb,D,"Models, Satellite & Gridded Data",wip,Load and visualize HRRR GRIB2 data with pygrib and Basemap,0.92,1.25,13,0,0,0.5,2,False,357.0,v3,2014-01-21,2014-01-22
00_works_in_progress/radar status chart_x.ipynb,00_works_in_progress,radar status chart_x.ipynb,A,Radar Processing & QC,wip,Visualizes radar data availability across cluster nodes using temporal coverage charts.,0.78,2.75,10,3,275,0.56,1,False,20.4,v3,2014-09-21,2014-09-21
00_works_in_progress/radar status chart_c.ipynb,00_works_in_progress,radar status chart_c.ipynb,A,Radar Processing & QC,wip,Visualizes radar data availability across cluster storage as timeline chart,0.78,3.0,11,3,275,0.6,1,False,20.1,v3,2014-09-19,2014-09-19
01_radar_processing_qc/NSA dealias.ipynb,01_radar_processing_qc,NSA dealias.ipynb,A,Radar Processing & QC,solid,Velocity dealiasing and SNR filtering on NSA SAPR radar data,0.92,1.25,10,0,0,0.38,2,False,1050.0,v4,2015-05-27,2015-05-27
02_case_studies/Great Lakes Figures.ipynb,02_case_studies,Great Lakes Figures.ipynb,B,Storm & Campaign Case Studies,solid,Visualizes Great Lakes radar data from S3 with geographic context.,0.78,4.0,15,0,0,1.0,4,False,1477.2,v4,2020-08-28,2020-08-28
00_works_in_progress/CROCUS-Smokey-Friday.ipynb,00_works_in_progress,CROCUS-Smokey-Friday.ipynb,E,"Environmental, Air Quality & Urban",wip,Ceilometer backscatter and atmospheric profile analysis during smoke event,0.92,2.25,14,0,0,0.46,4,False,4120.1,v4,2023-06-07,2023-06-07
00_works_in_progress/HRRR Snowfall ZARR example.ipynb,00_works_in_progress,HRRR Snowfall ZARR example.ipynb,D,"Models, Satellite & Gridded Data",wip,HRRR snowfall ZARR retrieval and visualization from S3.,0.92,1.0,30,0,0,0.39,5,True,1671.9,v4,2024-01-17,2024-01-17
02_case_studies/Tracking.ipynb,02_case_studies,Tracking.ipynb,B,Storm & Campaign Case Studies,featured,Image segmentation and object tracking on MC3E C-SAPR radar rainfall data,0.85,5.75,24,9,1877,0.7,9,False,586.2,v3,2013-03-04,2013-03-30
00_works_in_progress/ambient_realtime-sdr.ipynb,00_works_in_progress,ambient_realtime-sdr.ipynb,E,"Environmental, Air Quality & Urban",wip,Real-time ambient weather station data ingestion and dew-point calculation,0.88,2.0,29,0,0,0.35,2,False,434.4,v4,2020-08-03,2020-12-22
04_models_satellite_gridded/HRRR_Smoke_Forecast_Animation.ipynb,04_models_satellite_gridded,HRRR_Smoke_Forecast_Animation.ipynb,D,"Models, Satellite & Gridded Data",featured,HRRR-Smoke forecast animation with AirNow PM₂.₅ observations overlay,0.95,4.0,10,9,3414,0.6,0,False,8203.9,v4,2026-07-19,2026-07-19
00_works_in_progress/Arthur.ipynb,00_works_in_progress,Arthur.ipynb,D,"Models, Satellite & Gridded Data",wip,HRRR GRIB2 weather model data exploration and visualization,0.78,1.0,33,0,0,0.22,5,True,479.0,v3,2014-07-03,2014-07-17
00_works_in_progress/dealias_testing.ipynb,00_works_in_progress,dealias_testing.ipynb,A,Radar Processing & QC,wip,Testing Py-ART dealiasing algorithm on radar velocity data,0.92,1.25,8,0,0,0.5,1,False,367.1,v3,2012-11-13,2012-11-13
05_environmental_airquality_urban/cl-61.ipynb,05_environmental_airquality_urban,cl-61.ipynb,E,"Environmental, Air Quality & Urban",solid,CL-61 ceilometer backscatter and depolarization ratio processing and visualization,0.92,2.5,25,0,0,0.52,8,False,6568.9,v4,2023-05-09,2023-06-15
00_works_in_progress/PIA-101.ipynb,00_works_in_progress,PIA-101.ipynb,A,Radar Processing & QC,wip,Python basics and netCDF radar data handling tutorial with incomplete examples,0.75,3.5,52,32,8337,0.57,9,True,1083.4,v3,2013-12-04,2013-12-04
00_works_in_progress/ECG apple anal.ipynb,00_works_in_progress,ECG apple anal.ipynb,E,"Environmental, Air Quality & Urban",wip,Apple Watch ECG data parsing and time-series visualization,0.72,2.5,17,0,0,0.47,4,False,226.0,v4,2020-02-18,2020-02-18
02_case_studies/Image segmentation.ipynb,02_case_studies,Image segmentation.ipynb,B,Storm & Campaign Case Studies,featured,Image segmentation analysis of MC3E C-SAPR radar rainfall fields,0.92,5.25,23,10,1574,0.7,7,False,401.3,v3,2013-04-02,2013-04-02
00_works_in_progress/CPOL RHI testing.ipynb,00_works_in_progress,CPOL RHI testing.ipynb,A,Radar Processing & QC,wip,RHI data conversion and visualization test using Py-ART.,0.85,3.25,6,0,0,1.0,1,False,132.1,v3,2014-01-16,2014-01-16
00_works_in_progress/test_from_ldm.ipynb,00_works_in_progress,test_from_ldm.ipynb,A,Radar Processing & QC,wip,Basic NEXRAD I/O and reflectivity/dual-pol visualization.,0.92,1.25,6,0,0,0.4,2,False,317.0,v3,2014-08-19,2014-08-19
00_works_in_progress/C-SAPR2 visualization from CACTI.ipynb,00_works_in_progress,C-SAPR2 visualization from CACTI.ipynb,B,Storm & Campaign Case Studies,wip,3D visualization of CACTI SAPR2 radar reflectivity data with Cartopy,0.92,2.5,17,1,96,0.53,3,False,738.9,v4,2019-02-08,2019-02-11
05_environmental_airquality_urban/Wildfire_Smoke_Source_to_City.ipynb,05_environmental_airquality_urban,Wildfire_Smoke_Source_to_City.ipynb,E,"Environmental, Air Quality & Urban",featured,"Traces Canadian wildfire smoke to US cities via HMS, AirNow, HRRR wind fields.",0.92,5.5,8,8,3048,0.88,3,False,3543.6,v4,2026-07-16,2026-07-16
02_case_studies/tracer/time series analysis 20220322.ipynb,02_case_studies,time series analysis 20220322.ipynb,B,Storm & Campaign Case Studies,wip,Time-series radar reflectivity visualization during ARM field campaign,0.75,2.25,13,2,75,0.58,3,False,418.8,v4,2022-03-22,2022-03-22
02_case_studies/tracer/March 22 2022 time series.ipynb,02_case_studies,March 22 2022 time series.ipynb,B,Storm & Campaign Case Studies,wip,Time-series radar data retrieval for March 2022 event at KLCH/KHGX sites,0.75,-0.5,5,0,0,0.25,0,False,17.3,v4,2022-03-22,2022-03-22
02_case_studies/tracer/Houston march 22 case.ipynb,02_case_studies,Houston march 22 case.ipynb,B,Storm & Campaign Case Studies,wip,Houston March 22 case study radar data retrieval and plotting.,0.75,1.75,11,0,0,0.4,2,False,624.5,v4,2022-03-22,2022-03-22
00_works_in_progress/alcf-test.ipynb,00_works_in_progress,alcf-test.ipynb,D,"Models, Satellite & Gridded Data",wip,CMIP5 climate model data visualization and movie generation workflow,0.92,2.5,11,0,0,0.7,3,False,665.6,v4,2022-03-28,2022-03-28
05_environmental_airquality_urban/urban/Boston Snow Retrieval.ipynb,05_environmental_airquality_urban,Boston Snow Retrieval.ipynb,C,Retrievals & Microphysics,featured,Retrieves snowfall rates from WSR-88D radar using Z-S relations,0.92,4.75,14,11,2315,0.46,4,False,668.1,v4,2022-01-29,2022-01-29
05_environmental_airquality_urban/urban/Chicago 2013 event.ipynb,05_environmental_airquality_urban,Chicago 2013 event.ipynb,B,Storm & Campaign Case Studies,solid,Chicago April 2013 flood event radar analysis with urban overlay,0.92,3.5,32,1,412,0.59,11,False,3326.7,v4,2022-01-26,2022-01-26
05_environmental_airquality_urban/urban/just_download_the_data.ipynb,05_environmental_airquality_urban,just_download_the_data.ipynb,A,Radar Processing & QC,wip,"Download NEXRAD data from AWS, locate nearest scan, load with Py-ART.",0.82,0.75,6,0,0,0.4,0,False,14.5,v4,2022-01-26,2022-01-26
05_environmental_airquality_urban/urban/boston.ipynb,05_environmental_airquality_urban,boston.ipynb,E,"Environmental, Air Quality & Urban",featured,Boston radar reflectivity mapping and recent-time radar retrieval workflow,0.82,4.25,42,1,412,0.68,15,False,5007.2,v4,2022-01-29,2022-01-29
01_radar_processing_qc/nexrad/Quick Slice.ipynb,01_radar_processing_qc,Quick Slice.ipynb,A,Radar Processing & QC,featured,Quick 2D slicing and visualization of NEXRAD radar data for rapid laptop exploration,0.92,4.0,7,5,627,0.6,2,False,511.4,v3,2014-03-19,2014-03-19
01_radar_processing_qc/nexrad/OKSC.ipynb,01_radar_processing_qc,OKSC.ipynb,A,Radar Processing & QC,solid,NEXRAD radar data I/O and dual-pol differential reflectivity mapping,0.85,2.0,6,0,0,0.6,2,False,466.8,v3,2014-04-30,2014-04-30
03_retrievals_microphysics/UBonn/U-Bonn-reduced-GLPK.ipynb,03_retrievals_microphysics,U-Bonn-reduced-GLPK.ipynb,C,Retrievals & Microphysics,wip,X-band differential phase retrieval using linear optimization,0.82,3.75,25,11,3225,0.71,8,True,348.1,v3,2014-07-16,2014-07-16
03_retrievals_microphysics/UBonn/Synthetic data example to understand LP.ipynb,03_retrievals_microphysics,Synthetic data example to understand LP.ipynb,A,Radar Processing & QC,wip,Synthetic radar data generation to test LP dealiasing assumptions,0.85,2.75,8,4,253,0.5,3,False,70.8,v3,2014-07-16,2014-07-16
03_retrievals_microphysics/UBonn/U-Bonn-reduced.ipynb,03_retrievals_microphysics,U-Bonn-reduced.ipynb,C,Retrievals & Microphysics,featured,Retrieves propagation and backscatter differential phase from X-Band radar,0.92,5.25,23,11,3225,0.68,8,False,343.1,v3,2014-07-16,2014-07-16
03_retrievals_microphysics/UBonn/U-Bonn.ipynb,03_retrievals_microphysics,U-Bonn.ipynb,A,Radar Processing & QC,solid,Retrieves propagation and backscatter differential phase from X-Band radar data,0.92,5.0,31,13,3505,0.37,7,False,1344.3,v3,2014-04-11,2014-07-16
05_environmental_airquality_urban/CROCUS/CROCUS_map.ipynb,05_environmental_airquality_urban,CROCUS_map.ipynb,E,"Environmental, Air Quality & Urban",solid,Maps Chicago urban meteorology stations and METAR data with WXT sensors,0.92,1.25,10,0,0,0.43,1,False,801.6,v4,2024-06-27,2024-06-29
05_environmental_airquality_urban/CROCUS/wxt.ipynb,05_environmental_airquality_urban,wxt.ipynb,E,"Environmental, Air Quality & Urban",solid,SAGE WXT weather station data query and ambient temperature/humidity visualization,0.92,2.5,15,0,0,0.57,5,False,923.6,v4,2023-06-22,2023-06-22
05_environmental_airquality_urban/CROCUS/DL-VPT.ipynb,05_environmental_airquality_urban,DL-VPT.ipynb,E,"Environmental, Air Quality & Urban",wip,StreamLine Doppler lidar data import and visualization workflow,0.78,1.75,13,0,0,0.5,3,False,4204.7,v4,2023-06-28,2023-10-11
05_environmental_airquality_urban/CROCUS/wxt_read_ingest.ipynb,05_environmental_airquality_urban,wxt_read_ingest.ipynb,E,"Environmental, Air Quality & Urban",solid,Ingest and visualize WXT weather-station and AQT air-quality data from CROCUS urban network.,0.92,3.25,19,0,0,0.63,8,False,4603.6,v4,2023-06-22,2023-10-11
05_environmental_airquality_urban/CROCUS/wxt-NEIU-ingest.ipynb,05_environmental_airquality_urban,wxt-NEIU-ingest.ipynb,E,"Environmental, Air Quality & Urban",solid,Ingest WXT weather-station data from SAGE for CROCUS urban site,0.92,0.75,7,0,0,0.33,0,False,11.4,v4,2023-06-22,2023-10-11
05_environmental_airquality_urban/CROCUS/Untitled.ipynb,05_environmental_airquality_urban,Untitled.ipynb,E,"Environmental, Air Quality & Urban",wip,Queries SAGE air-quality sensor data for CO gas measurements,0.85,0.5,4,0,0,0.33,1,False,37.7,v4,2023-10-11,2023-10-11
05_environmental_airquality_urban/CROCUS/read_DL_ingested.ipynb,05_environmental_airquality_urban,read_DL_ingested.ipynb,E,"Environmental, Air Quality & Urban",wip,CROCUS lidar data ingestion and exploratory plotting with intensity fields,0.78,0.5,9,1,21,0.62,2,True,1999.1,v4,2023-10-11,2023-10-11
05_environmental_airquality_urban/CROCUS/CanyonsHH.ipynb,05_environmental_airquality_urban,CanyonsHH.ipynb,E,"Environmental, Air Quality & Urban",solid,Maps urban air-quality sensor data (Kestrel/Uber) across Chicago canyons,0.88,3.25,23,0,0,0.73,9,False,7539.9,v4,2024-07-25,2024-08-05
05_environmental_airquality_urban/CROCUS/DLCombo-update.ipynb,05_environmental_airquality_urban,DLCombo-update.ipynb,E,"Environmental, Air Quality & Urban",solid,Ingest and visualize Doppler lidar RHI data with range-height plots,0.92,3.25,15,0,0,0.62,39,False,12201.4,v4,2023-06-28,2023-10-11
05_environmental_airquality_urban/CROCUS/VRM.ipynb,05_environmental_airquality_urban,VRM.ipynb,E,"Environmental, Air Quality & Urban",solid,Victron Energy API client fetching solar/battery system telemetry and plotting time series,0.85,1.25,10,0,0,0.43,2,False,272.9,v4,2025-05-02,2025-05-02
05_environmental_airquality_urban/CROCUS/AQT-ingest.ipynb,05_environmental_airquality_urban,AQT-ingest.ipynb,E,"Environmental, Air Quality & Urban",wip,Ingest and process AQT air-quality sensor data with MetPy conversions,0.92,0.75,13,1,600,0.23,0,True,14.0,v4,2023-06-22,2024-07-20
05_environmental_airquality_urban/CROCUS/DL.ipynb,05_environmental_airquality_urban,DL.ipynb,E,"Environmental, Air Quality & Urban",wip,StreamLine lidar HPL file conversion and QC workflow for CROCUS urban experiment,0.85,1.75,33,1,6,0.67,11,True,2810.6,v4,2023-06-28,2023-06-28
05_environmental_airquality_urban/CROCUS/wxt-NEIU.ipynb,05_environmental_airquality_urban,wxt-NEIU.ipynb,E,"Environmental, Air Quality & Urban",solid,WXT536 weather station timeseries plotting and wet-bulb retrieval at CROCUS urban node,0.92,3.0,21,0,0,0.53,7,False,1514.0,v4,2023-06-22,2023-06-27
05_environmental_airquality_urban/CROCUS/cl-61-ingest-time.ipynb,05_environmental_airquality_urban,cl-61-ingest-time.ipynb,E,"Environmental, Air Quality & Urban",solid,CL-61 ceilometer backscatter ingestion and time-correction workflow with visualization.,0.85,2.5,30,0,0,0.5,8,False,6689.8,v4,2023-06-27,2023-10-11
05_environmental_airquality_urban/CROCUS/wxt-b240.ipynb,05_environmental_airquality_urban,wxt-b240.ipynb,E,"Environmental, Air Quality & Urban",solid,WXT weather-station data retrieval and visualization via SAGE/MetPy,0.92,3.0,17,0,0,0.53,4,False,564.6,v4,2023-06-22,2023-06-22
05_environmental_airquality_urban/CROCUS/DL2.ipynb,05_environmental_airquality_urban,DL2.ipynb,E,"Environmental, Air Quality & Urban",wip,"StreamLine lidar .hpl import, netCDF conversion, time-series visualization",0.78,3.25,29,0,0,0.62,4,False,867.4,v4,2023-06-28,2023-10-11
05_environmental_airquality_urban/CROCUS/wxt_read_ingest_gaps.ipynb,05_environmental_airquality_urban,wxt_read_ingest_gaps.ipynb,E,"Environmental, Air Quality & Urban",wip,"Ingest WXT weather-station data, identify gaps, compute derived variables",0.92,2.5,31,0,0,0.36,6,False,2332.6,v4,2024-05-16,2024-07-28
05_environmental_airquality_urban/CROCUS/cl-61-ingest.ipynb,05_environmental_airquality_urban,cl-61-ingest.ipynb,E,"Environmental, Air Quality & Urban",solid,Ingest and process CL-61 ceilometer data with ACT corrections,0.92,2.5,35,0,0,0.48,10,False,7201.0,v4,2023-06-27,2023-06-27
05_environmental_airquality_urban/CROCUS/DLCombo.ipynb,05_environmental_airquality_urban,DLCombo.ipynb,E,"Environmental, Air Quality & Urban",wip,Ingest and convert StreamLine lidar RHI data to CF-Radial format,0.82,1.75,14,0,0,0.58,39,False,11880.5,v4,2023-06-28,2023-10-11
05_environmental_airquality_urban/CROCUS/wxt-ingest.ipynb,05_environmental_airquality_urban,wxt-ingest.ipynb,E,"Environmental, Air Quality & Urban",wip,"WXT weather-station data ingestion pipeline from SAGE nodes, incomplete.",0.92,0.0,15,0,0,0.43,0,True,56.0,v4,2024-05-08,2024-05-08
05_environmental_airquality_urban/CROCUS/Kestrel.ipynb,05_environmental_airquality_urban,Kestrel.ipynb,E,"Environmental, Air Quality & Urban",solid,"Plots temperature, dew point, and wind speed from Kestrel weather station CSV",0.92,0.5,5,0,0,0.5,2,False,166.7,v4,2024-04-17,2024-04-17
05_environmental_airquality_urban/CROCUS/cl-61-ingest-time-data-start.ipynb,05_environmental_airquality_urban,cl-61-ingest-time-data-start.ipynb,E,"Environmental, Air Quality & Urban",wip,CL-61 ceilometer backscatter data ingest and time-series visualization workflow,0.85,2.5,33,0,0,0.45,8,False,6691.8,v4,2023-06-27,2023-06-27
05_environmental_airquality_urban/CROCUS/cl-61.ipynb,05_environmental_airquality_urban,cl-61.ipynb,E,"Environmental, Air Quality & Urban",solid,CL-61 ceilometer backscatter and depolarization ratio processing and visualization,0.92,2.5,26,0,0,0.54,8,False,7431.1,v4,2023-06-27,2023-06-27
05_environmental_airquality_urban/CROCUS/cl61-read-injest.ipynb,05_environmental_airquality_urban,cl61-read-injest.ipynb,E,"Environmental, Air Quality & Urban",wip,CL61 ceilometer data read and backscatter visualization from CROCUS,0.92,-0.25,14,0,0,0.38,2,True,2143.4,v4,2023-06-22,2023-10-11
03_retrievals_microphysics/multiple day 2DVD analysis.ipynb,03_retrievals_microphysics,multiple day 2DVD analysis.ipynb,C,Retrievals & Microphysics,solid,Multi-day 2DVD disdrometer rainfall and accumulation analysis with ARM NetCDF time handling,0.85,3.5,14,1,212,0.62,5,False,133.6,v3,2014-05-19,2014-05-19
01_radar_processing_qc/gap_anal/Gap storm ZDR and KDP in hail.ipynb,01_radar_processing_qc,Gap storm ZDR and KDP in hail.ipynb,B,Storm & Campaign Case Studies,solid,Dual-pol analysis of CP2 radar data during Gap Storm hail event,0.92,2.5,11,1,69,0.6,5,False,1469.0,v3,2014-03-27,2014-03-27
01_radar_processing_qc/gap_anal/Synthetic RHI development.ipynb,01_radar_processing_qc,Synthetic RHI development.ipynb,A,Radar Processing & QC,solid,"Constructs synthetic RHI data from radar scans, quality checks output",0.82,3.25,27,0,0,0.73,17,False,892.1,v3,2015-03-23,2015-03-23
02_case_studies/Investigating Arthur's Radar.ipynb,02_case_studies,Investigating Arthur's Radar.ipynb,B,Storm & Campaign Case Studies,solid,Exploratory analysis of Arthur radar data from March 2014,0.85,3.0,12,0,0,0.82,6,False,439.6,v3,2014-04-04,2014-04-04
01_radar_processing_qc/Demonstration of Py-ART for the Computation Instutute .ipynb,01_radar_processing_qc,Demonstration of Py-ART for the Computation Instutute .ipynb,A,Radar Processing & QC,featured,"Py-ART tutorial: radar I/O, dual-pol fields, smoothing, map display",0.92,5.0,9,3,587,0.75,4,False,1048.0,v3,2014-04-17,2014-04-17
02_case_studies/Investigating FNMI C-Band.ipynb,02_case_studies,Investigating FNMI C-Band.ipynb,B,Storm & Campaign Case Studies,solid,Radar reflectivity mapping of Finnish C-band radar during IKA campaign,0.85,2.0,11,0,0,0.6,2,False,643.0,v3,2014-04-04,2014-04-04
01_radar_processing_qc/canned_sapr_investigations/C-SAPR back up investigation.ipynb,01_radar_processing_qc,C-SAPR back up investigation.ipynb,A,Radar Processing & QC,solid,Investigates C-SAPR receiver calibration and radar equation power calculations,0.92,3.5,11,1,265,0.7,4,False,997.0,v3,2014-05-16,2014-05-16
01_radar_processing_qc/canned_sapr_investigations/noise_harmonics.ipynb,01_radar_processing_qc,noise_harmonics.ipynb,A,Radar Processing & QC,wip,"Radial velocity texture via complex-plane calculations, signal-noise analysis",0.82,2.5,18,1,99,0.53,9,False,2635.9,v4,2015-08-12,2015-08-12
01_radar_processing_qc/canned_sapr_investigations/location checks.ipynb,01_radar_processing_qc,location checks.ipynb,A,Radar Processing & QC,solid,Reads and verifies geographic coordinates of ARM SAPR radar sites,0.92,0.0,4,0,0,0.33,0,False,2.0,v4,2015-09-22,2015-09-22
01_radar_processing_qc/canned_sapr_investigations/Retrieving dBm from Reflectivity.ipynb,01_radar_processing_qc,Retrieving dBm from Reflectivity.ipynb,A,Radar Processing & QC,solid,Convert radar reflectivity to received power using Doviak-Zrnic equation,0.92,3.5,9,1,265,0.62,2,False,449.9,v3,2014-04-14,2014-04-14
01_radar_processing_qc/canned_sapr_investigations/C-SAPR RHIs.ipynb,01_radar_processing_qc,C-SAPR RHIs.ipynb,A,Radar Processing & QC,solid,Parallel processing of C-SAPR RHI radar sweeps with reflectivity visualization,0.92,3.25,19,0,0,0.71,4,False,902.4,v4,2016-02-17,2016-02-17
01_radar_processing_qc/canned_sapr_investigations/CSAPR right now.ipynb,01_radar_processing_qc,CSAPR right now.ipynb,A,Radar Processing & QC,solid,Real-time SGP radar PPI visualization and animation pipeline,0.92,3.75,20,0,0,0.74,11,False,6174.7,v4,2015-07-30,2015-07-30
01_radar_processing_qc/canned_sapr_investigations/SGP CSAPR PPI elevation check.ipynb,01_radar_processing_qc,SGP CSAPR PPI elevation check.ipynb,A,Radar Processing & QC,solid,Inspects CSAPR radar elevation angles and azimuth timing across sweeps,0.92,2.5,14,0,0,0.83,7,False,426.9,v3,2014-05-13,2014-05-13
01_radar_processing_qc/canned_sapr_investigations/SGP CSAPR PPI sector missing.ipynb,01_radar_processing_qc,SGP CSAPR PPI sector missing.ipynb,B,Storm & Campaign Case Studies,solid,Investigates missing PPI sector in SGP CSAPR radar data from April 2014,0.85,2.5,9,0,0,0.75,4,False,391.5,v3,2014-04-14,2014-04-14
01_radar_processing_qc/canned_sapr_investigations/I6 right now rhi.ipynb,01_radar_processing_qc,I6 right now rhi.ipynb,A,Radar Processing & QC,solid,RHI animation and phase texture QC for SAPR radar,0.92,3.75,18,0,0,0.71,9,False,13745.5,v4,2015-07-30,2015-07-30
01_radar_processing_qc/canned_sapr_investigations/SGP CSAPR PPI plots.ipynb,01_radar_processing_qc,SGP CSAPR PPI plots.ipynb,A,Radar Processing & QC,solid,SGP CSAPR radar PPI visualization with clutter filtering and power calculations,0.92,3.5,9,1,265,0.62,2,False,395.9,v3,2014-04-11,2014-04-11
01_radar_processing_qc/scipy2014/Part 1 Reading and correcting.ipynb,01_radar_processing_qc,Part 1 Reading and correcting.ipynb,A,Radar Processing & QC,solid,"C-SAPR radar I/O, phase processing, and dual-pol corrections",0.92,3.25,30,1,17,0.62,8,False,1628.8,v3,2014-05-29,2014-05-30
01_radar_processing_qc/scipy2014/Part 3 Morphological Analysis.ipynb,01_radar_processing_qc,Part 3 Morphological Analysis.ipynb,B,Storm & Campaign Case Studies,solid,Morphological analysis of radar reflectivity and rainfall fields from scipy2014 campaign,0.85,3.25,16,0,0,0.6,8,False,1226.5,v3,2014-06-12,2014-06-12
01_radar_processing_qc/scipy2014/Part 2 Mapping to cartesian space and meshing.ipynb,01_radar_processing_qc,Part 2 Mapping to cartesian space and meshing.ipynb,A,Radar Processing & QC,solid,"Grid multiple radars to Cartesian mesh, visualize with cross-sections",0.92,2.5,23,1,41,0.52,7,False,1084.7,v3,2014-05-30,2014-06-11
04_models_satellite_gridded/EarthCARE_ARM_SGP_Overpass_Lidar.ipynb,04_models_satellite_gridded,EarthCARE_ARM_SGP_Overpass_Lidar.ipynb,D,"Models, Satellite & Gridded Data",featured,"EarthCARE ATLID overpasses of ARM SGP: MAAP STAC overpass search, ATLID L1B streaming, and cal/val against the SGP ground-based lidar suite",0.97,3.0,14,8,5317,0.0,0,False,26.2,v4,2026-07-23,2026-07-23
01_radar_processing_qc/advection_interpolation/Radar_Volume_Advection_Interpolation.ipynb,01_radar_processing_qc,Radar_Volume_Advection_Interpolation.ipynb,A,Radar Processing & QC,featured,Temporal interpolation of radar volumes by optical-flow advection morphing on native gate geometry (C-SAPR / MC3E),0.96,3.0,12,11,14142,0.0,0,False,35.4,v4,2026-07-21,2026-07-21
02_case_studies/CAPE_k_cloud_phase_case_study.ipynb,02_case_studies,CAPE_k_cloud_phase_case_study.ipynb,B,Storm & Campaign Case Studies,featured,"ARM CAPE-k cloud-phase (THERMOCLDPHASE) + AERI (TROPoe) Southern Ocean mixed-phase case at Kennaook/Cape Grim, Tasmania",0.95,3.0,8,9,5842,0.88,2,False,804.1,v4,2026-07-22,2026-07-22
02_case_studies/KLOT_QVP_case_study.ipynb,02_case_studies,KLOT_QVP_case_study.ipynb,B,Storm & Campaign Case Studies,solid,KLOT NEXRAD quasi-vertical profile (QVP) time-height analysis of a nocturnal Chicagoland convective event,0.9,2.5,9,7,4094,0.0,0,False,19.5,v4,2026-07-20,2026-07-20
